rep,fold,alpha,t_interval_all_methods,n_train,n_test,t_outer_fit,t_pool_rand,t_pool_clus,t_scp,delta,s2g,s2e,h2_reml,r_pred,dataset,trait,regime,base,tag,wall_job
1,0,0.05,0.010246160999997755,,,,,,,,,,,,wheatG,GH,R1,GBLUP,dedup,1.112712055000003
1,0,0.1,0.016465517999989743,,,,,,,,,,,,wheatG,GH,R1,GBLUP,dedup,1.112712055000003
1,0,0.2,0.01260390599998118,,,,,,,,,,,,wheatG,GH,R1,GBLUP,dedup,1.112712055000003
1,0,,,292.0,73.0,0.01947787299999959,0.014523309999987077,0.023336684999975432,0.004065588999992542,0.20137585288122548,1.4730136387473196,0.29662937780841886,0.8323789741584439,0.6659175460741186,wheatG,GH,R1,GBLUP,dedup,1.112712055000003
1,1,0.05,0.010554149000000734,,,,,,,,,,,,wheatG,GH,R1,GBLUP,dedup,1.112712055000003
1,1,0.1,0.02246847499998239,,,,,,,,,,,,wheatG,GH,R1,GBLUP,dedup,1.112712055000003
1,1,0.2,0.013162402999995493,,,,,,,,,,,,wheatG,GH,R1,GBLUP,dedup,1.112712055000003
1,1,,,292.0,73.0,0.017373283000011952,0.011812609000003249,0.023800735999998324,0.003966058999992583,0.1200046140563295,1.6039102519824677,0.19247663077014623,0.8928534645748397,0.4570380159397641,wheatG,GH,R1,GBLUP,dedup,1.112712055000003
1,2,0.05,0.011583736999995153,,,,,,,,,,,,wheatG,GH,R1,GBLUP,dedup,1.112712055000003
1,2,0.1,0.016282775000007632,,,,,,,,,,,,wheatG,GH,R1,GBLUP,dedup,1.112712055000003
1,2,0.2,0.010119879999990644,,,,,,,,,,,,wheatG,GH,R1,GBLUP,dedup,1.112712055000003
1,2,,,292.0,73.0,0.017441072999986318,0.012882781999991266,0.024544584000011582,0.004548508999988599,0.2889786908171362,1.163102299739308,0.3361117798650655,0.7758080153877945,0.5243801200927809,wheatG,GH,R1,GBLUP,dedup,1.112712055000003
1,3,0.05,0.01057088999999678,,,,,,,,,,,,wheatG,GH,R1,GBLUP,dedup,1.112712055000003
1,3,0.1,0.017962979000003543,,,,,,,,,,,,wheatG,GH,R1,GBLUP,dedup,1.112712055000003
1,3,0.2,0.011264757999981612,,,,,,,,,,,,wheatG,GH,R1,GBLUP,dedup,1.112712055000003
1,3,,,292.0,73.0,0.01723249700000906,0.016709693000024117,0.029276331000005484,0.0044576530000028924,0.21511407022810808,1.3472727256458954,0.2898173197210057,0.8229680031704961,0.5677733380608816,wheatG,GH,R1,GBLUP,dedup,1.112712055000003
1,4,0.05,0.01126198400001499,,,,,,,,,,,,wheatG,GH,R1,GBLUP,dedup,1.112712055000003
1,4,0.1,0.01648693100000287,,,,,,,,,,,,wheatG,GH,R1,GBLUP,dedup,1.112712055000003
1,4,0.2,0.010065173000015193,,,,,,,,,,,,wheatG,GH,R1,GBLUP,dedup,1.112712055000003
1,4,,,292.0,73.0,0.01739375299999324,0.01486729399999831,0.028269345000012436,0.004006537999998727,0.23921425315701061,1.2612454814015812,0.30170789588113356,0.806962958546038,0.5146174175574577,wheatG,GH,R1,GBLUP,dedup,1.112712055000003
