dataset,trait,regime,base,tag,method,alpha,n,coverage,cov_dev,cov_sd_reps,width,frac_inf,iscore,cond_err,worst_bin_cov,under_bin,cov_b1,width_b1,cov_b2,width_b2,cov_b3,width_b3,cov_b4,width_b4,cov_b5,width_b5
maize,Plant_Height_cm,R1,GBLUP,dedup,Gauss-PEV,0.05,4369,0.9480430304417486,0.001956969558251309,,2.017193964510859,0.0,2.5416590028196486,0.021665238098982707,0.9050343249427918,0.044965675057208165,0.9050343249427918,1.8448731254194022,0.9633867276887872,1.9226004731628084,0.97709049255441,1.955617389741241,0.9588100686498856,2.017254515859432,0.9359267734553776,2.345553864624535
maize,Plant_Height_cm,R1,GBLUP,dedup,Gauss-homosc,0.05,4369,0.9555962462806135,0.005596246280613504,,2.083507875848004,0.0,2.6108675485361106,0.023268641497663188,0.9107551487414187,0.03924485125858124,0.9450800915331807,2.0831217827076105,0.977116704805492,2.080981099166989,0.983963344788087,2.085157448677523,0.9610983981693364,2.0836488329872833,0.9107551487414187,2.0846321030837145
maize,Plant_Height_cm,R1,GBLUP,dedup,SCP,0.05,4369,0.9546807049668117,0.004680704966811722,,2.1664947455167716,0.0,2.715142428935417,0.02267288945507353,0.9050343249427918,0.044965675057208165,0.9530892448512586,2.162900645555032,0.9805491990846682,2.166955517530543,0.9805269186712485,2.170148321388159,0.954233409610984,2.166767704764477,0.9050343249427918,2.1657057186384034
maize,Plant_Height_cm,R1,GBLUP,dedup,NormCP,0.05,4369,0.9535362783245594,0.003536278324559494,,2.13686122050363,0.0,2.615357453639497,0.01891950479815254,0.919908466819222,0.030091533180777952,0.919908466819222,1.9401757777411497,0.9725400457665904,2.0357606471021157,0.9782359679266895,2.069158105146425,0.9553775743707094,2.1523149626842515,0.9416475972540046,2.4868191463254945
maize,Plant_Height_cm,R1,GBLUP,dedup,CV+,0.05,4369,0.9601739528496224,0.010173952849622414,,2.1497915104036296,0.0,2.6362972015487864,0.022673675822605977,0.9187643020594966,0.031235697940503404,0.9530892448512586,2.1416460647391906,0.9794050343249427,2.134058204577244,0.983963344788087,2.1490665221988436,0.965675057208238,2.1599071954182865,0.9187643020594966,2.16427873557863
maize,Plant_Height_cm,R1,GBLUP,dedup,CalPred-style,0.05,4369,0.9555962462806135,0.005596246280613504,,2.1415957588197783,0.0,2.6104395097450483,0.02313160384900701,0.9061784897025171,0.043821510297482824,0.9061784897025171,1.8523730992725698,0.9691075514874142,2.031262130286754,0.9851088201603666,2.0961734739455546,0.9668192219679634,2.1917945463214408,0.9508009153318078,2.5363235736949106
maize,Plant_Height_cm,R1,GBLUP,dedup,CalPred-style(rand),0.05,4369,0.9489585717555504,0.001041428244449527,,2.0296899829494834,0.0,2.581954656165657,0.024869947916257094,0.9084668192219679,0.04153318077803203,0.9084668192219679,1.8512407963646476,0.965675057208238,1.9676973895032084,0.981672394043528,2.0062909529040085,0.9622425629290617,2.064238757835999,0.9267734553775744,2.258955245793964
maize,Plant_Height_cm,R1,GBLUP,dedup,KinCP,0.05,4369,0.959487296864271,0.009487296864271078,,2.131876303168568,0.0,2.5306083648447286,0.015121402040885901,0.9359267734553776,0.014073226544622397,0.9359267734553776,2.0528509955563807,0.965675057208238,1.9869318364896535,0.9805269186712485,2.011800903047167,0.9633867276887872,2.0923059815451834,0.9519450800915332,2.515354413163129
maize,Plant_Height_cm,R1,GBLUP,dedup,KinCP-A,0.05,4369,0.9517051956969558,0.001705195696955819,,2.0349393231928223,0.0,2.5142501730822495,0.010359055415320007,0.9347826086956522,0.015217391304347738,0.9347826086956522,2.05919136896481,0.9610983981693364,1.9008494292600253,0.9690721649484536,1.8911120112112794,0.948512585812357,1.917712469420409,0.9450800915331807,2.405666774965732
maize,Plant_Height_cm,R1,GBLUP,dedup,KinCP-B,0.05,4369,0.9642938887617304,0.014293888761730433,,2.174187551689171,0.0,2.5453026446757,0.015030655227640289,0.948512585812357,0.001487414187642977,0.948512585812357,2.113124664106027,0.9736842105263158,2.036506486252245,0.983963344788087,2.059188406855956,0.965675057208238,2.1385139146320444,0.9496567505720824,2.523472708630666
maize,Plant_Height_cm,R1,GBLUP,dedup,KinCP-C,0.05,4369,0.9578850995651179,0.007885099565117959,,2.1471531098352568,0.0,2.563411820425162,0.020522646074322214,0.919908466819222,0.030091533180777952,0.919908466819222,1.961312598307509,0.9679633867276888,2.0365703455771818,0.983963344788087,2.0862713555199313,0.9691075514874142,2.149236441506338,0.948512585812357,2.5023051495075257
maize,Plant_Height_cm,R1,GBLUP,dedup,KinCP-AB,0.05,4369,0.952849622339208,0.0028496223392080466,,2.039523163336774,0.0,2.516416288145149,0.008757224751704462,0.9427917620137299,0.007208237986270016,0.9473684210526315,2.1004909346036595,0.959954233409611,1.9210226745697243,0.9690721649484536,1.8964816056924543,0.9450800915331807,1.9062210036714768,0.9427917620137299,2.3732359350371213
maize,Plant_Height_cm,R1,GBLUP,dedup,KinCP-AC,0.05,4369,0.9501029983978027,0.00010299839780270048,,2.040958319169507,0.0,2.5457575117059426,0.020979525610679905,0.9084668192219679,0.04153318077803203,0.9084668192219679,1.8661228908274343,0.9622425629290617,1.9422203311281012,0.9805269186712485,1.9800044034833966,0.959954233409611,2.041535650589511,0.9393592677345538,2.3748385784967985
maize,Plant_Height_cm,R1,GBLUP,dedup,KinCP-BC,0.05,4369,0.9759670405127031,0.025967040512703154,,2.500859267647413,0.0,2.7760097797027976,0.028854262505209706,0.9427917620137299,0.007208237986270016,0.9702517162471396,2.498036091051189,0.994279176201373,2.4874291951112877,0.993127147766323,2.5085926638164757,0.9794050343249427,2.503243062518193,0.9427917620137299,2.507004174019287
maize,Plant_Height_cm,R1,GBLUP,dedup,KinCP-ABC,0.05,4369,0.957427328908217,0.007427328908217068,,2.1076130112089633,0.0,2.6154467075696246,0.022810975593773007,0.9130434782608695,0.036956521739130443,0.948512585812357,2.1061345435167955,0.9794050343249427,2.102434352793576,0.983963344788087,2.1108628989905966,0.9622425629290617,2.1085243394813555,0.9130434782608695,2.110112639669564
maize,Plant_Height_cm,R1,GBLUP,dedup,Gauss-PEV,0.1,4369,0.9031815060654612,0.0031815060654611926,,1.6928825401702163,0.0,2.187859691042,0.03394439333055484,0.8409610983981693,0.05903890160183067,0.8409610983981693,1.5482663332324043,0.9382151029748284,1.61349717974669,0.9369988545246277,1.6412058496065258,0.9176201372997712,1.6929333564638334,0.8821510297482837,1.9684508551533864
maize,Plant_Height_cm,R1,GBLUP,dedup,Gauss-homosc,0.1,4369,0.9127946898603799,0.012794689860379904,,1.7485349289082874,0.0,2.2266572873926136,0.03989798191878922,0.8432494279176201,0.05675057208237988,0.8890160183066361,1.7482109093307203,0.9530892448512586,1.7464143910713434,0.9541809851088202,1.7499192940665027,0.9244851258581236,1.7486532238686117,0.8432494279176201,1.7494784101460865
maize,Plant_Height_cm,R1,GBLUP,dedup,SCP,0.1,4369,0.9045548180361639,0.004554818036163866,,1.7475228211859373,0.0,2.2968844691543007,0.03440494258206399,0.8329519450800915,0.0670480549199085,0.8924485125858124,1.7470094410896815,0.9473684210526315,1.7515262319676554,0.9495990836197021,1.7473010353489655,0.9004576659038902,1.7466648153826794,0.8329519450800915,1.7451123283811658
maize,Plant_Height_cm,R1,GBLUP,dedup,NormCP,0.1,4369,0.9024948500801099,0.002494850080109856,,1.7413900336402444,0.0,2.2535400213612378,0.026392119548834737,0.8558352402745996,0.04416475972540046,0.8558352402745996,1.5815959812486506,0.9347826086956522,1.659005159815345,0.9335624284077892,1.6855954871523922,0.9038901601830663,1.7540158885551094,0.8844393592677345,2.0266738132758477
maize,Plant_Height_cm,R1,GBLUP,dedup,CV+,0.1,4369,0.9141680018310826,0.014168001831082577,,1.7512357276938586,0.0,2.234603960170139,0.0389826501110089,0.8432494279176201,0.05675057208237988,0.8947368421052632,1.7450550214464455,0.9519450800915332,1.7389791809496935,0.9541809851088202,1.749131893774266,0.9267734553775744,1.759274361853609,0.8432494279176201,1.7637357733126473
maize,Plant_Height_cm,R1,GBLUP,dedup,CalPred-style,0.1,4369,0.9203479056992446,0.020347905699244606,,1.7972838170213905,0.0,2.2368640896475758,0.03893714564313069,0.8535469107551488,0.04645308924485125,0.8535469107551488,1.5545605097028554,0.9462242562929062,1.7046889170646709,0.9553264604810997,1.7591642339019475,0.9416475972540046,1.8394119675088358,0.9050343249427918,2.128549841844982
maize,Plant_Height_cm,R1,GBLUP,dedup,CalPred-style(rand),0.1,4369,0.9075303273060197,0.007530327306019657,,1.703369529427852,0.0,2.2065228579148055,0.03783665049370775,0.8501144164759725,0.0498855835240275,0.8501144164759725,1.553610251147293,0.9427917620137299,1.6513437049848776,0.9461626575028637,1.6837324443890278,0.9244851258581236,1.73236377530536,0.8741418764302059,1.8957750032520164
maize,Plant_Height_cm,R1,GBLUP,dedup,KinCP,0.1,4369,0.9173723964293888,0.017372396429388814,,1.7652547058630095,0.0,2.1868254235376856,0.027262733256269312,0.8752860411899314,0.02471395881006866,0.8752860411899314,1.6923339292370296,0.9393592677345538,1.6431059672920543,0.9381443298969072,1.6549128785287135,0.9290617848970252,1.722059028171514,0.9050343249427918,2.113735476855376
maize,Plant_Height_cm,R1,GBLUP,dedup,KinCP-A,0.1,4369,0.9004348821240559,0.0004348821240558465,,1.684632852522387,0.0,2.175526393878701,0.021583744210369037,0.8718535469107551,0.028146453089244905,0.8718535469107551,1.6897215259781113,0.9290617848970252,1.5744728911349468,0.9209621993127147,1.5628678575410895,0.9050343249427918,1.5938826192529028,0.8752860411899314,2.0020800494886597
maize,Plant_Height_cm,R1,GBLUP,dedup,KinCP-B,0.1,4369,0.9228656443121996,0.022865644312199618,,1.7935284804422982,0.0,2.193434396475232,0.029552635510785,0.8832951945080092,0.016704805491990826,0.8832951945080092,1.7432412401716226,0.9427917620137299,1.6788380033073043,0.9450171821305842,1.690462271991788,0.9336384439359268,1.7487521925750558,0.9096109839816934,2.106230769442094
maize,Plant_Height_cm,R1,GBLUP,dedup,KinCP-C,0.1,4369,0.9230945296406501,0.023094529640650063,,1.8041075500048795,0.0,2.2119940696210194,0.036648291878658215,0.8661327231121282,0.03386727688787183,0.8661327231121282,1.6481093163810983,0.948512585812357,1.7098983604445672,0.9530355097365406,1.75391528083252,0.9393592677345538,1.805652850099248,0.9084668192219679,2.102904514041366
maize,Plant_Height_cm,R1,GBLUP,dedup,KinCP-AB,0.1,4369,0.9029526207370108,0.002952620737010747,,1.6897058976773445,0.0,2.1790936499460716,0.02318740973156035,0.8707093821510298,0.029290617848970246,0.8787185354691075,1.7282471753271464,0.9324942791762014,1.5997600153681413,0.9289805269186713,1.5812752130756194,0.9038901601830663,1.592211132915953,0.8707093821510298,1.9469118891316681
maize,Plant_Height_cm,R1,GBLUP,dedup,KinCP-AC,0.1,4369,0.9013504234378577,0.0013504234378576285,,1.6769962961462048,0.0,2.190268493521617,0.03165501532106076,0.8443935926773455,0.05560640732265454,0.8443935926773455,1.5349890275989053,0.9359267734553776,1.5986533290122256,0.9324169530355098,1.625414158757871,0.914187643020595,1.6762129482858812,0.879862700228833,1.9496529986123106
maize,Plant_Height_cm,R1,GBLUP,dedup,KinCP-BC,0.1,4369,0.9512474250400549,0.05124742504005486,,2.0588830996353233,0.0,2.3419849207760253,0.05125464939803563,0.9084668192219679,-0.008466819221967903,0.937070938215103,2.0561139496016145,0.9691075514874142,2.0456374339494476,0.9828178694158075,2.0660212523062156,0.9588100686498856,2.0613763742211026,0.9084668192219679,2.0652746553209727
maize,Plant_Height_cm,R1,GBLUP,dedup,KinCP-ABC,0.1,4369,0.906157015335317,0.006157015335316984,,1.7059489218322448,0.0,2.2243359968463534,0.040126028503201794,0.834096109839817,0.06590389016018305,0.8810068649885584,1.706423124016034,0.9450800915331807,1.7035777773173508,0.9507445589919816,1.7071997672541521,0.919908466819222,1.7056246834577542,0.834096109839817,1.7069206882891843
maize,Plant_Height_cm,R1,GBLUP,dedup,KinCP[h=0.25],0.1,4369,0.9196612497138933,0.01966124971389327,,1.7681786693612729,0.0,2.1789463365316415,0.02176916967452245,0.8947368421052632,0.0052631578947368585,0.8947368421052632,1.7909901088584361,0.9382151029748284,1.622371040318395,0.9312714776632303,1.6118673969728454,0.9256292906178489,1.6929317427241157,0.9084668192219679,2.1225542120831578
maize,Plant_Height_cm,R1,GBLUP,dedup,KinCP[h=1.0],0.1,4369,0.9196612497138933,0.01966124971389327,,1.780295116433815,0.0,2.201269231567927,0.03458827106613085,0.8627002288329519,0.03729977116704808,0.8627002288329519,1.6347477640149795,0.9427917620137299,1.677689296554227,0.9507445589919816,1.7142042948549836,0.9336384439359268,1.7706651366940542,0.9084668192219679,2.104093471261838
maize,Plant_Height_cm,R1,GBLUP,dedup,KinCP[h=2.0],0.1,4369,0.9201190203707942,0.02011902037079416,,1.7920587266601484,0.0,2.2080151019058496,0.0350456748475102,0.8627002288329519,0.03729977116704808,0.8627002288329519,1.6336053867370655,0.9427917620137299,1.695566200987878,0.9495990836197021,1.738005364658399,0.937070938215103,1.7924495032670207,0.9084668192219679,2.100605331698431
maize,Plant_Height_cm,R1,GBLUP,dedup,KinCP[fixed-h],0.1,4369,0.9180590524147402,0.01805905241474015,,1.7701945163314514,0.0002288853284504455,2.187533668183933,0.026576234400434086,0.8787185354691075,0.021281464530892524,0.8787185354691075,1.716966427919193,0.9393592677345538,1.6431059672920543,0.9381443298969072,1.6549128785287135,0.9290617848970252,1.722059028171514,0.9050343249427918,2.113735476855376
maize,Plant_Height_cm,R1,GBLUP,dedup,KinCP[nmin=25],0.1,4369,0.9178301670862897,0.017830167086289705,,1.7690280041964024,0.0,2.1869699699709426,0.026805067352379152,0.8775743707093822,0.022425629290617866,0.8775743707093822,1.7111961036290138,0.9393592677345538,1.6431059672920543,0.9381443298969072,1.6549128785287135,0.9290617848970252,1.722059028171514,0.9050343249427918,2.113735476855376
maize,Plant_Height_cm,R1,GBLUP,dedup,KinCP[nmin=100],0.1,4369,0.9171435111009384,0.01714351110093837,,1.7635627213567455,0.0,2.186428326160915,0.027491566208214403,0.8741418764302059,0.02585812356979411,0.8741418764302059,1.6838759426147565,0.9393592677345538,1.6431059672920543,0.9381443298969072,1.6549128785287135,0.9290617848970252,1.722059028171514,0.9050343249427918,2.113735476855376
maize,Plant_Height_cm,R1,GBLUP,dedup,Gauss-PEV,0.2,4369,0.8152895399404898,0.01528953994048976,,1.3189722380703166,0.0,1.8197881633665411,0.03836487977751037,0.7505720823798627,0.04942791762013732,0.7505720823798627,1.2062976976932698,0.8569794050343249,1.2571208786149173,0.854524627720504,1.2787094799689749,0.8226544622425629,1.31901183046904,0.7917620137299771,1.5336752363764314
maize,Plant_Height_cm,R1,GBLUP,dedup,Gauss-homosc,0.2,4369,0.8310826276035707,0.03108262760357061,,1.3623325740570245,0.0,1.840664678504088,0.0531524688008681,0.7448512585812357,0.05514874141876436,0.8100686498855835,1.3620801213219642,0.8867276887871853,1.3606804035901798,0.8762886597938144,1.363411171755158,0.8375286041189931,1.362424740976388,0.7448512585812357,1.3630676667349089
maize,Plant_Height_cm,R1,GBLUP,dedup,SCP,0.2,4369,0.7972075989929046,0.0027924010070954353,,1.2898267976296032,0.0,1.8935340763174764,0.044999724771363624,0.7105263157894737,0.08947368421052637,0.7700228832951945,1.2887482270460815,0.8558352402745996,1.2893008832171196,0.8487972508591065,1.291182438977413,0.8009153318077803,1.2901799094655282,0.7105263157894737,1.2897240805189307
maize,Plant_Height_cm,R1,GBLUP,dedup,NormCP,0.2,4369,0.7965209430075532,0.003479056992446883,,1.2944527722500165,0.0,1.8773163926370249,0.03973446989654024,0.7254004576659039,0.07459954233409616,0.7254004576659039,1.174780698923247,0.8443935926773455,1.2312210978386142,0.8396334478808706,1.2539519311466552,0.8066361556064073,1.3044085487892911,0.7665903890160183,1.5078552449171458
maize,Plant_Height_cm,R1,GBLUP,dedup,CV+,0.2,4369,0.8210116731517509,0.021011673151750898,,1.3356943993666566,0.0,1.8417456367073681,0.04775070052241015,0.7368421052631579,0.06315789473684219,0.7963386727688787,1.3309049405654283,0.8741418764302059,1.326982642063798,0.870561282932417,1.3338942059617365,0.8272311212814645,1.341886919014942,0.7368421052631579,1.344801229509523
maize,Plant_Height_cm,R1,GBLUP,dedup,CalPred-style,0.2,4369,0.8377203021286336,0.03772030212863353,,1.4003141992036305,0.0,1.8490128579888612,0.057957436546693185,0.7494279176201373,0.05057208237986277,0.7494279176201373,1.2112016670054029,0.879862700228833,1.328170917238225,0.8739977090492554,1.3706141635140288,0.868421052631579,1.4331374220886643,0.816933638443936,1.6584128444376331
maize,Plant_Height_cm,R1,GBLUP,dedup,CalPred-style(rand),0.2,4369,0.818493934538796,0.018493934538795997,,1.3271429453483135,0.0,1.8275232088676603,0.04889355466958147,0.7482837528604119,0.05171624713958811,0.7482837528604119,1.2104612939292831,0.868421052631579,1.2866081672554968,0.8648339060710195,1.3118431419725691,0.8352402745995423,1.3497331750120753,0.7757437070938215,1.47705144307629
maize,Plant_Height_cm,R1,GBLUP,dedup,KinCP,0.2,4369,0.8233005264362554,0.023300526436255353,,1.3517022330015882,0.0,1.8184413858617345,0.033923685652200095,0.7734553775743707,0.026544622425629383,0.7734553775743707,1.282566046629645,0.8546910755148741,1.2462217836726437,0.8465063001145475,1.2616246889937859,0.8226544622425629,1.320973546770295,0.8192219679633868,1.6470220353900737
maize,Plant_Height_cm,R1,GBLUP,dedup,KinCP-A,0.2,4369,0.8052185854886702,0.005218585488670158,,1.2805093397537086,0.0,1.81242807407056,0.02243155325936237,0.7791762013729977,0.020823798627002343,0.7791762013729977,1.2807139753978631,0.8432494279176201,1.1920357480963084,0.8258877434135166,1.1887677774566126,0.7894736842105263,1.2212112500065864,0.7883295194508009,1.5197129803485903
maize,Plant_Height_cm,R1,GBLUP,dedup,KinCP-B,0.2,4369,0.8329137102311742,0.032913710231174176,,1.3728845263829634,0.0,1.8213741489280255,0.035299566711489594,0.7940503432494279,0.00594965675057213,0.7940503432494279,1.323961377697435,0.8638443935926774,1.277940654531797,0.8591065292096219,1.2898388658891933,0.8295194508009154,1.33919621868697,0.8180778032036613,1.6333904971912376
maize,Plant_Height_cm,R1,GBLUP,dedup,KinCP-C,0.2,4369,0.8386358434424354,0.038635843442435314,,1.3955101694996084,0.0,1.8328833329433998,0.04788852453859882,0.7768878718535469,0.023112128146453137,0.7768878718535469,1.2743142934496763,0.8764302059496567,1.3208459280407034,0.872852233676976,1.3570598166901966,0.8524027459954233,1.3973433392681263,0.8146453089244852,1.6279434765106553
maize,Plant_Height_cm,R1,GBLUP,dedup,KinCP-AB,0.2,4369,0.8054474708171206,0.005447470817120603,,1.2826971914394716,0.0,1.8141272177686438,0.025865620273603486,0.7700228832951945,0.029977116704805518,0.7894736842105263,1.311397394783533,0.8455377574370709,1.2093094904829587,0.8327605956471936,1.2002608283746998,0.7894736842105263,1.2203177177386482,0.7700228832951945,1.4721062050359797
maize,Plant_Height_cm,R1,GBLUP,dedup,KinCP-AC,0.2,4369,0.79995422293431,4.57770656900891e-05,,1.277381972808686,0.0,1.8186396386356645,0.03813237711041386,0.7368421052631579,0.06315789473684219,0.7368421052631579,1.1683780902635852,0.8489702517162472,1.2170087802448688,0.8384879725085911,1.2385711217656117,0.8077803203661327,1.2773228895469644,0.7677345537757437,1.4855845762143407
maize,Plant_Height_cm,R1,GBLUP,dedup,KinCP-BC,0.2,4369,0.8770885786221103,0.07708857862211027,,1.5620988389656374,0.0,1.9003825310189149,0.0771906757780451,0.799771167048055,0.00022883295194509046,0.8421052631578947,1.5600161147570648,0.9267734553775744,1.551375423683917,0.9232531500572738,1.5672971842230297,0.8935926773455377,1.564268650732659,0.799771167048055,1.5675427691949675
maize,Plant_Height_cm,R1,GBLUP,dedup,KinCP-ABC,0.2,4369,0.8134584573128862,0.013458457312886196,,1.3080862792371748,0.0,1.8346257194402908,0.0456893690973287,0.7322654462242563,0.06773455377574378,0.7871853546910755,1.307774071547622,0.8695652173913043,1.30625011081609,0.8625429553264605,1.3093535746071945,0.8157894736842105,1.308158787149206,0.7322654462242563,1.3088963020604643
