rep,fold,alpha,t_interval_all_methods,n_train,n_test,t_outer_fit,t_pool_rand,t_pool_clus,t_scp,delta,s2g,s2e,h2_reml,r_pred,dataset,trait,regime,base,tag,h2,n_qtl,sim_rep,wall_job
1,0,0.05,2.249685834000047,,,,,,,,,,,,maize,sim_h0.2_q10,R2,GBLUP,sim,0.2,10,1,256.2096236489997
1,0,0.1,5.005462847999297,,,,,,,,,,,,maize,sim_h0.2_q10,R2,GBLUP,sim,0.2,10,1,256.2096236489997
1,0,0.2,1.4853251870008535,,,,,,,,,,,,maize,sim_h0.2_q10,R2,GBLUP,sim,0.2,10,1,256.2096236489997
1,0,,,2874.0,1547.0,6.440647589999571,2.18368460199963,2.0978183509996597,1.1038028900002246,3.3123425605325236,0.23021792890174522,0.7625606440989012,0.23189252383431055,0.2970024304052865,maize,sim_h0.2_q10,R2,GBLUP,sim,0.2,10,1,256.2096236489997
1,1,0.05,0.874725813000623,,,,,,,,,,,,maize,sim_h0.2_q10,R2,GBLUP,sim,0.2,10,1,256.2096236489997
1,1,0.1,2.197207579998576,,,,,,,,,,,,maize,sim_h0.2_q10,R2,GBLUP,sim,0.2,10,1,256.2096236489997
1,1,0.2,0.7857760939987202,,,,,,,,,,,,maize,sim_h0.2_q10,R2,GBLUP,sim,0.2,10,1,256.2096236489997
1,1,,,3732.0,689.0,12.466906515999653,4.167175885999313,4.961816308001289,1.5314585300002364,3.9060545311683375,0.19954677997144105,0.7794406040874986,0.2038297767884488,0.2224630362294186,maize,sim_h0.2_q10,R2,GBLUP,sim,0.2,10,1,256.2096236489997
1,2,0.05,0.6719724760005192,,,,,,,,,,,,maize,sim_h0.2_q10,R2,GBLUP,sim,0.2,10,1,256.2096236489997
1,2,0.1,1.811433847000444,,,,,,,,,,,,maize,sim_h0.2_q10,R2,GBLUP,sim,0.2,10,1,256.2096236489997
1,2,0.2,0.6642382409991114,,,,,,,,,,,,maize,sim_h0.2_q10,R2,GBLUP,sim,0.2,10,1,256.2096236489997
1,2,,,3844.0,577.0,13.928924107000057,4.685783570999774,4.408973449999394,1.6207613440001296,4.372869609473251,0.17890911923228486,0.7823462503484848,0.18612028072239753,0.202270239517789,maize,sim_h0.2_q10,R2,GBLUP,sim,0.2,10,1,256.2096236489997
1,3,0.05,0.42238656699919375,,,,,,,,,,,,maize,sim_h0.2_q10,R2,GBLUP,sim,0.2,10,1,256.2096236489997
1,3,0.1,1.1002868650011806,,,,,,,,,,,,maize,sim_h0.2_q10,R2,GBLUP,sim,0.2,10,1,256.2096236489997
1,3,0.2,0.4100162579998141,,,,,,,,,,,,maize,sim_h0.2_q10,R2,GBLUP,sim,0.2,10,1,256.2096236489997
1,3,,,4037.0,384.0,16.220637517000796,4.8548588850007945,4.615238671000043,1.837486665999677,4.236459667485285,0.19097593263376655,0.8090618360633388,0.1909687199940245,0.19365220538695382,maize,sim_h0.2_q10,R2,GBLUP,sim,0.2,10,1,256.2096236489997
1,4,0.05,2.0625401500001317,,,,,,,,,,,,maize,sim_h0.2_q10,R2,GBLUP,sim,0.2,10,1,256.2096236489997
1,4,0.1,4.792922557999191,,,,,,,,,,,,maize,sim_h0.2_q10,R2,GBLUP,sim,0.2,10,1,256.2096236489997
1,4,0.2,1.3330402890005644,,,,,,,,,,,,maize,sim_h0.2_q10,R2,GBLUP,sim,0.2,10,1,256.2096236489997
1,4,,,3197.0,1224.0,7.990504180999778,3.2654319440007384,2.7669672230003926,1.4873393079997186,4.53412329775765,0.1898079563099412,0.8606126768046706,0.18069709440792298,0.3039023164987959,maize,sim_h0.2_q10,R2,GBLUP,sim,0.2,10,1,256.2096236489997
