dataset,trait,regime,base,tag,method,alpha,n,coverage,cov_dev,cov_sd_reps,width,frac_inf,iscore,cond_err,worst_bin_cov,under_bin,cov_b1,width_b1,cov_b2,width_b2,cov_b3,width_b3,cov_b4,width_b4,cov_b5,width_b5,h2,n_qtl,sim_rep
maize,sim_h0.5_q1000,R2,GBLUP,sim,Gauss-PEV,0.05,4421,0.9491065369825831,0.0008934630174168845,,3.355736279337789,0.0,3.964927799495563,0.00930437308453882,0.9288135593220339,0.021186440677966045,0.9457013574660633,3.0342166970805358,0.9513574660633484,3.2039511078116605,0.9288135593220339,3.337455614117952,0.9580973952434881,3.484134298789867,0.9615819209039548,3.718679036273247,0.5,1000,4
maize,sim_h0.5_q1000,R2,GBLUP,sim,Gauss-homosc,0.05,4421,0.9305586971273467,0.01944130287265322,,3.108562092298825,0.0,3.99806706397606,0.019435831078648925,0.9129943502824859,0.03700564971751408,0.9479638009049773,3.0330601516155093,0.9389140271493213,3.090772743799145,0.9129943502824859,3.1228492913530146,0.9297848244620611,3.1814925840035153,0.9231638418079096,3.114695091507378,0.5,1000,4
maize,sim_h0.5_q1000,R2,GBLUP,sim,SCP,0.05,4421,0.9301063107894142,0.019893689210585763,,3.100197341182885,0.0,4.003352252271096,0.01988780558461094,0.903954802259887,0.04604519774011295,0.9389140271493213,2.9215132351077098,0.9366515837104072,3.0440355345299124,0.903954802259887,3.1143386574382834,0.9354473386183465,3.252952996851336,0.9355932203389831,3.168226129895216,0.5,1000,4
maize,sim_h0.5_q1000,R2,GBLUP,sim,NormCP,0.05,4421,0.949785116489482,0.00021488351051790477,,3.394119943173807,0.0,4.002237640320473,0.013966546218996134,0.927683615819209,0.02231638418079096,0.9377828054298643,2.9253581232100476,0.9490950226244343,3.1809102505788607,0.927683615819209,3.347280342723387,0.9694224235560589,3.6868313308358323,0.9649717514124294,3.8301105739025627,0.5,1000,4
maize,sim_h0.5_q1000,R2,GBLUP,sim,CV+,0.05,4421,0.9387016512101335,0.011298348789866464,,3.180954343248676,0.0,3.942108480753754,0.011295120938546233,0.9288135593220339,0.021186440677966045,0.9468325791855203,3.072343827961616,0.9468325791855203,3.169228999015802,0.9288135593220339,3.2109178107473046,0.9377123442808607,3.256050997188194,0.9333333333333333,3.1962638185602463,0.5,1000,4
maize,sim_h0.5_q1000,R2,GBLUP,sim,CalPred-style,0.05,4421,0.9387016512101335,0.011298348789866464,,3.2561531872140956,0.0,4.014481657736684,0.011385107389449955,0.9209039548022598,0.029096045197740117,0.9457013574660633,3.037516147588409,0.9502262443438914,3.177204484226145,0.9209039548022598,3.256710467876803,0.9377123442808607,3.363197560695275,0.9389830508474576,3.4460429287961043,0.5,1000,4
maize,sim_h0.5_q1000,R2,GBLUP,sim,CalPred-style(rand),0.05,4421,0.9463922189549876,0.0036077810450123593,,3.2913971816306273,0.0,3.947409946269844,0.006589693126966933,0.9288135593220339,0.021186440677966045,0.9457013574660633,3.030391783024525,0.9524886877828054,3.2222229227314623,0.9288135593220339,3.34957987679426,0.9513023782559457,3.390698271598696,0.9536723163841808,3.463944378888296,0.5,1000,4
maize,sim_h0.5_q1000,R2,GBLUP,sim,KinCP,0.05,4421,0.9450350599411897,0.004964940058810208,,3.295630011917596,0.0,3.956493974277577,0.008763175583450878,0.9288135593220339,0.021186440677966045,0.9389140271493213,2.9890737753655143,0.9479638009049773,3.1774723722585065,0.9288135593220339,3.314648545247611,0.956964892412231,3.442927876336488,0.9525423728813559,3.553880464224636,0.5,1000,4
maize,sim_h0.5_q1000,R2,GBLUP,sim,KinCP-A,0.05,4421,0.9513684686722461,0.0013684686722461592,,3.3931813208517467,0.0,3.982798623583907,0.007947928436428974,0.9389830508474576,0.011016949152542366,0.9445701357466063,3.0241848539789817,0.9524886877828054,3.23312004417385,0.9389830508474576,3.454621447252568,0.9558323895809739,3.5069500085907337,0.9649717514124294,3.7466895492817263,0.5,1000,4
maize,sim_h0.5_q1000,R2,GBLUP,sim,KinCP-B,0.05,4421,0.9457136394480886,0.004286360551911339,,3.2754548625950406,0.0,3.949433007511146,0.006817473067917667,0.9299435028248587,0.02005649717514124,0.9423076923076923,3.0096614291012633,0.9502262443438914,3.187346741669318,0.9299435028248587,3.3326750884990597,0.9546998867497168,3.4269835484182405,0.9514124293785311,3.4205500542333422,0.5,1000,4
maize,sim_h0.5_q1000,R2,GBLUP,sim,KinCP-C,0.05,4421,0.9434517077584257,0.006548292241574272,,3.3053886780496993,0.0,3.9721640185324865,0.01215428372952403,0.9242937853107345,0.025706214689265483,0.9343891402714932,2.956579056358411,0.9445701357466063,3.140252426841879,0.9242937853107345,3.280118621959509,0.9558323895809739,3.444541248679403,0.9581920903954803,3.7051857756955795,0.5,1000,4
maize,sim_h0.5_q1000,R2,GBLUP,sim,KinCP-AB,0.05,4421,0.9493327301515494,0.0006672698484505579,,3.337455143666945,0.0,3.9760446671446728,0.008534884934880882,0.9344632768361582,0.015536723163841804,0.9434389140271493,3.018169049705807,0.9490950226244343,3.1853047439356628,0.9344632768361582,3.398899185509085,0.9546998867497168,3.471397633671273,0.9649717514124294,3.61327510380252,0.5,1000,4
maize,sim_h0.5_q1000,R2,GBLUP,sim,KinCP-AC,0.05,4421,0.9491065369825831,0.0008934630174168845,,3.36961918961458,0.0,3.9661346686463883,0.009758396790347356,0.9333333333333333,0.016666666666666607,0.9400452488687783,3.0097464950319948,0.9502262443438914,3.220106811729588,0.9333333333333333,3.3722236056680956,0.9603624009060022,3.4887419411956118,0.9615819209039548,3.7569707220529174,0.5,1000,4
maize,sim_h0.5_q1000,R2,GBLUP,sim,KinCP-BC,0.05,4421,0.9418683555756616,0.008131644424338336,,3.22196560998749,0.0,3.978015092169398,0.014187210995291877,0.9186440677966101,0.031355932203389836,0.9615384615384616,3.2017603335181413,0.9536199095022625,3.2062277224110103,0.9186440677966101,3.2056167529696804,0.9433748584371461,3.2739368050610187,0.9322033898305084,3.2223632712613304,0.5,1000,4
maize,sim_h0.5_q1000,R2,GBLUP,sim,KinCP-ABC,0.05,4421,0.9310110834652794,0.018988916534720568,,3.1140622511921343,0.0,3.9977892632732317,0.01898385425655256,0.9129943502824859,0.03700564971751408,0.9479638009049773,3.040658814166064,0.9411764705882353,3.092450200038675,0.9129943502824859,3.1219687357696353,0.928652321630804,3.1852599382783917,0.9242937853107345,3.1300271043022505,0.5,1000,4
maize,sim_h0.5_q1000,R2,GBLUP,sim,Gauss-PEV,0.1,4421,0.8975344944582674,0.0024655055417326377,,2.8162226620999418,0.0,3.521521581186466,0.013225145830331408,0.8790960451977401,0.020903954802259928,0.8902714932126696,2.546394922823462,0.8914027149321267,2.6888405306569543,0.8790960451977401,2.8008810442298615,0.9014722536806342,2.9239776768119587,0.9254237288135593,3.1208138254223385,0.5,1000,4
maize,sim_h0.5_q1000,R2,GBLUP,sim,Gauss-homosc,0.1,4421,0.870617507351278,0.02938249264872206,,2.608787545308635,0.0,3.5365841764974517,0.029377576247069714,0.847457627118644,0.05254237288135599,0.8925339366515838,2.5454243192726373,0.8766968325791855,2.5938582534279635,0.847457627118644,2.6207777407247903,0.8674971687429218,2.6699927433337227,0.8689265536723164,2.613934520493818,0.5,1000,4
maize,sim_h0.5_q1000,R2,GBLUP,sim,SCP,0.1,4421,0.8807961999547613,0.019203800045238695,,2.6483281778200007,0.0,3.5094194314358735,0.019192219780534137,0.8497175141242937,0.05028248587570627,0.8970588235294118,2.5601835214971747,0.8834841628959276,2.6080904593717698,0.8497175141242937,2.64132701484862,0.8969422423556059,2.7638716213365693,0.8768361581920904,2.6682843223422106,0.5,1000,4
maize,sim_h0.5_q1000,R2,GBLUP,sim,NormCP,0.1,4421,0.9074869938927844,0.007486993892784399,,2.8966946177090285,0.0,3.5382825246822467,0.018658603566134645,0.8768361581920904,0.023163841807909646,0.8993212669683258,2.5838568922121152,0.8959276018099548,2.718794691797967,0.8768361581920904,2.830527954039647,0.9297848244620611,3.14264858563287,0.9355932203389831,3.207646287217843,0.5,1000,4
maize,sim_h0.5_q1000,R2,GBLUP,sim,CV+,0.1,4421,0.8814747794616603,0.018525220538339715,,2.669716804226185,0.0,3.4916222847218696,0.01870190688207758,0.864406779661017,0.035593220338983045,0.9004524886877828,2.588086433145526,0.8936651583710408,2.65837979923157,0.864406779661017,2.690440547370552,0.8754246885617214,2.7360617485668106,0.8734463276836159,2.675660377011501,0.5,1000,4
maize,sim_h0.5_q1000,R2,GBLUP,sim,CalPred-style,0.1,4421,0.8835105179823569,0.01648948201764311,,2.7326498967048996,0.0,3.5649800531134326,0.016490081400830504,0.8632768361581921,0.03672316384180796,0.8936651583710408,2.5491639089771008,0.8891402714932126,2.666394056558265,0.8632768361581921,2.7331175813799824,0.8742921857304643,2.822484366804402,0.8971751412429378,2.8920103914005924,0.5,1000,4
maize,sim_h0.5_q1000,R2,GBLUP,sim,CalPred-style(rand),0.1,4421,0.8916534720651437,0.008346527934856351,,2.7622275892041284,0.0,3.5014636681197846,0.01219169045698516,0.8790960451977401,0.020903954802259928,0.8914027149321267,2.543184953759013,0.8959276018099548,2.7041747211211096,0.8790960451977401,2.811056046216909,0.8822197055492639,2.8455636909297644,0.9096045197740112,2.907033761903363,0.5,1000,4
maize,sim_h0.5_q1000,R2,GBLUP,sim,KinCP,0.1,4421,0.8930106310789414,0.006989368921058614,,2.7702521826757023,0.0,3.516727974766201,0.012322213601377262,0.8745762711864407,0.025423728813559365,0.8880090497737556,2.508690592524629,0.8891402714932126,2.6745323692112497,0.8745762711864407,2.77607985560215,0.9014722536806342,2.89853465523251,0.911864406779661,2.9933096369000594,0.5,1000,4
maize,sim_h0.5_q1000,R2,GBLUP,sim,KinCP-A,0.1,4421,0.9031893236824248,0.0031893236824247495,,2.8703850450744097,0.0,3.523563911059142,0.012551276391228794,0.888135593220339,0.011864406779661052,0.8902714932126696,2.519151376052924,0.8981900452488688,2.7142361485157984,0.888135593220339,2.8691174055654547,0.9139297848244621,3.0528304654768474,0.9254237288135593,3.196428822162407,0.5,1000,4
maize,sim_h0.5_q1000,R2,GBLUP,sim,KinCP-B,0.1,4421,0.8921058584030762,0.00789414159692381,,2.7526110753232262,0.0,3.509259721300718,0.010513280844518191,0.8745762711864407,0.025423728813559365,0.8891402714932126,2.5204130740056536,0.8902714932126696,2.68347577838352,0.8745762711864407,2.7813761060732207,0.9003397508493771,2.8904054102767827,0.9062146892655367,2.8873559179014174,0.5,1000,4
maize,sim_h0.5_q1000,R2,GBLUP,sim,KinCP-C,0.1,4421,0.8905225062203121,0.009477493779687873,,2.763109716761492,0.0,3.5290263644022177,0.019783163504231326,0.8666666666666667,0.033333333333333326,0.8834841628959276,2.4802339298184823,0.8766968325791855,2.622687007835978,0.8666666666666667,2.7347909290289443,0.9003397508493771,2.8859256942374603,0.9254237288135593,3.0917102697330185,0.5,1000,4
maize,sim_h0.5_q1000,R2,GBLUP,sim,KinCP-AB,0.1,4421,0.8973083012893011,0.0026916987106989643,,2.821154154113227,0.0,3.5177153283078098,0.01526313848187415,0.8757062146892656,0.02429378531073445,0.8891402714932126,2.511909670118848,0.8902714932126696,2.679420907116151,0.8757062146892656,2.8089610777993284,0.9093997734994338,2.989363262571107,0.9220338983050848,3.115986407182084,0.5,1000,4
maize,sim_h0.5_q1000,R2,GBLUP,sim,KinCP-AC,0.1,4421,0.8961773354444695,0.003822664555530486,,2.8096863588373626,0.0,3.5211475559622816,0.014581844963700541,0.8757062146892656,0.02429378531073445,0.8880090497737556,2.5211440043334874,0.8902714932126696,2.677973889766734,0.8757062146892656,2.7969857481728413,0.9014722536806342,2.9304138394366426,0.9254237288135593,3.1217122787343095,0.5,1000,4
maize,sim_h0.5_q1000,R2,GBLUP,sim,KinCP-BC,0.1,4421,0.88577244967202,0.014227550327980065,,2.717078246954999,0.0,3.5211583481243016,0.018476939017717565,0.8598870056497175,0.04011299435028248,0.9106334841628959,2.70201655506096,0.8925339366515838,2.6988960517457383,0.8598870056497175,2.69652842102132,0.8788221970554927,2.7677194920906603,0.8870056497175142,2.7203075946339097,0.5,1000,4
maize,sim_h0.5_q1000,R2,GBLUP,sim,KinCP-ABC,0.1,4421,0.8699389278443791,0.030061072155620927,,2.6050085201076167,0.0,3.53824458022049,0.03005503048307818,0.8451977401129943,0.05480225988700571,0.8925339366515838,2.5495110111159875,0.8766968325791855,2.58536668069136,0.8451977401129943,2.6068381989455047,0.8686296715741789,2.6798238726120522,0.8666666666666667,2.6035870081975894,0.5,1000,4
maize,sim_h0.5_q1000,R2,GBLUP,sim,KinCP[h=0.25],0.1,4421,0.8950463695996381,0.004953630400361897,,2.7703760157805037,0.0,3.5109405786001275,0.008478359966127691,0.8824858757062147,0.017514124293785294,0.8880090497737556,2.5075933456484134,0.8959276018099548,2.7036458853106207,0.8824858757062147,2.812253983995397,0.9003397508493771,2.8945493793617265,0.9084745762711864,2.9337457715090296,0.5,1000,4
maize,sim_h0.5_q1000,R2,GBLUP,sim,KinCP[h=1.0],0.1,4421,0.891201085727211,0.008798914272789005,,2.769340347346026,0.0,3.522457411839752,0.015940077957028252,0.8700564971751412,0.029943502824858803,0.8846153846153846,2.5123975506072775,0.8834841628959276,2.6495658432813487,0.8700564971751412,2.7457572946317965,0.9014722536806342,2.8871288262958372,0.9163841807909604,3.0516927413004202,0.5,1000,4
maize,sim_h0.5_q1000,R2,GBLUP,sim,KinCP[h=2.0],0.1,4421,0.8900701198823796,0.009929880117620415,,2.764773900602917,0.0,3.527448428881073,0.019647775030166948,0.8666666666666667,0.033333333333333326,0.8834841628959276,2.492100882545385,0.8766968325791855,2.6289040387288263,0.8666666666666667,2.736387224995252,0.89920724801812,2.8840526318972666,0.9242937853107345,3.0822326509299547,0.5,1000,4
maize,sim_h0.5_q1000,R2,GBLUP,sim,KinCP[fixed-h],0.1,4421,0.8932368242479077,0.0067631757520922875,,2.7711496889170375,0.0,3.516642117920893,0.01209596925748586,0.8745762711864407,0.025423728813559365,0.8891402714932126,2.51317913900986,0.8891402714932126,2.6745323692112497,0.8745762711864407,2.77607985560215,0.9014722536806342,2.89853465523251,0.911864406779661,2.9933096369000594,0.5,1000,4
maize,sim_h0.5_q1000,R2,GBLUP,sim,KinCP[nmin=25],0.1,4421,0.8930106310789414,0.006989368921058614,,2.7704925012704282,0.0,3.516225925942015,0.012322213601377262,0.8745762711864407,0.025423728813559365,0.8880090497737556,2.509892457351874,0.8891402714932126,2.6745323692112497,0.8745762711864407,2.77607985560215,0.9014722536806342,2.89853465523251,0.911864406779661,2.9933096369000594,0.5,1000,4
maize,sim_h0.5_q1000,R2,GBLUP,sim,KinCP[nmin=100],0.1,4421,0.8930106310789414,0.006989368921058614,,2.7701910621439607,0.0,3.5166668542344595,0.012322213601377262,0.8745762711864407,0.025423728813559365,0.8880090497737556,2.5083849207250464,0.8891402714932126,2.6745323692112497,0.8745762711864407,2.77607985560215,0.9014722536806342,2.89853465523251,0.911864406779661,2.9933096369000594,0.5,1000,4
maize,sim_h0.5_q1000,R2,GBLUP,sim,Gauss-PEV,0.2,4421,0.8016285908165574,0.001628590816557307,,2.194198013974919,0.0,3.002014333440515,0.016275178298191917,0.7661016949152543,0.03389830508474578,0.7986425339366516,1.9839676591086162,0.7986425339366516,2.094951024882202,0.7661016949152543,2.182244929471085,0.8074745186862967,2.278152966279949,0.8372881355932204,2.43151352692444,0.5,1000,4
maize,sim_h0.5_q1000,R2,GBLUP,sim,Gauss-homosc,0.2,4421,0.7656638769509161,0.034336123049083955,,2.032579500134557,0.0,3.0075201916489287,0.03432867787438283,0.735593220338983,0.06440677966101704,0.7986425339366516,1.983211434676423,0.7861990950226244,2.0209476703664535,0.735593220338983,2.0419213974651047,0.7553793884484711,2.0802661854804696,0.752542372881356,2.036589652769606,0.5,1000,4
maize,sim_h0.5_q1000,R2,GBLUP,sim,SCP,0.2,4421,0.7629495589233205,0.03705044107667954,,2.037896717356037,0.0,3.010937473470828,0.03740022549304785,0.7186440677966102,0.08135593220338988,0.8009049773755657,2.0096773742815035,0.7669683257918553,2.0025780271669857,0.7186440677966102,2.0147504165060397,0.768969422423556,2.1131180837070227,0.7593220338983051,2.0494578825191314,0.5,1000,4
maize,sim_h0.5_q1000,R2,GBLUP,sim,NormCP,0.2,4421,0.8084143858855463,0.008414385885546216,,2.268206641454619,0.0,3.0107481353451746,0.02795374859247792,0.7638418079096045,0.0361581920903955,0.8042986425339367,2.032372181268592,0.7873303167420814,2.1328473148659772,0.7638418079096045,2.223502655671823,0.8391845979614949,2.4379510169763545,0.847457627118644,2.514324213591218,0.5,1000,4
maize,sim_h0.5_q1000,R2,GBLUP,sim,CV+,0.2,4421,0.7774259217371635,0.022574078262836528,,2.076439783492042,0.0,2.980538888706594,0.0233843262152446,0.7581920903954802,0.041807909604519855,0.8020361990950227,2.0075923653158463,0.7952488687782805,2.067471855035995,0.7581920903954802,2.0995899058615413,0.7655719139297849,2.1266260870595057,0.7661016949152543,2.0809441926172663,0.5,1000,4
maize,sim_h0.5_q1000,R2,GBLUP,sim,CalPred-style,0.2,4421,0.7855688758199503,0.01443112418004977,,2.129084129934422,0.0,3.0342151082295112,0.019678009268648468,0.7491525423728813,0.05084745762711873,0.8054298642533937,1.986125053834823,0.8009049773755657,2.077462347743528,0.7491525423728813,2.12944851617385,0.7655719139297849,2.199076683623994,0.8067796610169492,2.2532463581818925,0.5,1000,4
maize,sim_h0.5_q1000,R2,GBLUP,sim,CalPred-style(rand),0.2,4421,0.796878534268265,0.003121465731734996,,2.1521289392150127,0.0,2.987022076485338,0.011165325928883507,0.7672316384180791,0.03276836158192098,0.7997737556561086,1.9814666822359701,0.8009049773755657,2.1068983224858915,0.7672316384180791,2.190172558721651,0.797281993204983,2.217058431957058,0.8192090395480226,2.2649514872414707,0.5,1000,4
maize,sim_h0.5_q1000,R2,GBLUP,sim,KinCP,0.2,4421,0.7959737615924,0.00402623840760008,,2.165000185048069,0.0,2.998038198435343,0.013788532766830031,0.7661016949152543,0.03389830508474578,0.7907239819004525,1.96828278629189,0.7986425339366516,2.101061377560707,0.7661016949152543,2.1752651312068303,0.8018120045300113,2.258128517416211,0.8225988700564971,2.322179045486168,0.5,1000,4
maize,sim_h0.5_q1000,R2,GBLUP,sim,KinCP-A,0.2,4421,0.8106763175752092,0.010676317575209149,,2.2394353623680536,0.0,3.005849685582896,0.023424507092596848,0.7740112994350282,0.025988700564971823,0.7941176470588235,1.9711777090501008,0.8031674208144797,2.119693145038714,0.7740112994350282,2.218576701204151,0.8221970554926388,2.3629885402616537,0.8598870056497175,2.524581514573941,0.5,1000,4
maize,sim_h0.5_q1000,R2,GBLUP,sim,KinCP-B,0.2,4421,0.7928070572268717,0.007192942773128319,,2.1445376800341394,0.0,2.9928694018079054,0.010624947181280464,0.7649717514124293,0.0350282485875707,0.7929864253393665,1.975351579433389,0.7975113122171946,2.1006887194533186,0.7649717514124293,2.1722294443086434,0.8029445073612684,2.2467229659339445,0.8056497175141243,2.2276859006579186,0.5,1000,4
maize,sim_h0.5_q1000,R2,GBLUP,sim,KinCP-C,0.2,4421,0.7919022845510065,0.008097715448993514,,2.150847516069018,0.0,3.0053381879007137,0.02165590489327098,0.751412429378531,0.04858757062146901,0.7839366515837104,1.933267448173724,0.7918552036199095,2.0438723988931793,0.751412429378531,2.131113279867873,0.79841449603624,2.2396473813725324,0.8338983050847457,2.406171020676801,0.5,1000,4
maize,sim_h0.5_q1000,R2,GBLUP,sim,KinCP-AB,0.2,4421,0.801402397647591,0.0014023976475909805,,2.2097219060854,0.0,3.003307519041913,0.020122101969493,0.7672316384180791,0.03276836158192098,0.7895927601809954,1.9670227669203384,0.7963800904977375,2.095122485763647,0.7672316384180791,2.1934902386290687,0.8131370328425821,2.3288060914282376,0.8406779661016949,2.4640333373028835,0.5,1000,4
maize,sim_h0.5_q1000,R2,GBLUP,sim,KinCP-AC,0.2,4421,0.8007238181406922,0.0007238181406921118,,2.195943090697388,0.0,3.002381678708927,0.018536854807126656,0.7661016949152543,0.03389830508474578,0.7918552036199095,1.9726788564403626,0.7975113122171946,2.093969327424973,0.7661016949152543,2.18639879679914,0.8074745186862967,2.2822320062344,0.8406779661016949,2.444263969224838,0.5,1000,4
maize,sim_h0.5_q1000,R2,GBLUP,sim,KinCP-BC,0.2,4421,0.7810450124406243,0.018954987559375747,,2.1038903639035844,0.0,3.0019822519798365,0.02881163287730677,0.7468926553672316,0.05310734463276845,0.8246606334841629,2.092506933411031,0.7975113122171946,2.0932765393978805,0.7468926553672316,2.092656072648678,0.7678369195922989,2.1384218594193847,0.768361581920904,2.1026435962635843,0.5,1000,4
maize,sim_h0.5_q1000,R2,GBLUP,sim,KinCP-ABC,0.2,4421,0.7627233657543542,0.03727663424564587,,2.028133885920411,0.0,3.0106734958915404,0.037268321064046026,0.7299435028248588,0.07005649717514129,0.7975113122171946,1.987898446170648,0.7816742081447964,2.0143481083365966,0.7299435028248588,2.031552803973449,0.7542468856172141,2.0732911764975013,0.7502824858757062,2.033619904074507,0.5,1000,4
